-- test seed

insert into users (first_name, last_name, email, username, password) values 
('customer', 'one', 'customer@test.com', 'buyer1', 'pass');

insert into venues (name, seat_capacity, latitude, longitude) values 
('micro theater', 2, 13.7, 100.5);

insert into events (event_id, title, img_path, sales_started_at, sales_ended_at, event_status) values
(1, 'future festival 1', '/img/f1.jpg', '2026-10-01', '2026-11-01', 'active'),
(2, 'future festival 2', '/img/f2.jpg', '2026-11-01', '2026-12-01', 'active'),
(3, 'current concert 1', '/img/c1.jpg', '2026-01-01', '2026-06-01', 'active'),
(4, 'current concert 2', '/img/c2.jpg', '2026-01-01', '2026-06-01', 'active'),
(5, 'sold out show 1', '/img/s1.jpg', '2026-01-01', '2026-06-01', 'active'),
(6, 'sold out show 2', '/img/s2.jpg', '2026-01-01', '2026-06-01', 'active');

insert into zones (venue_id, zone_name, img_path, color, x_pos, y_pos) values 
(1, 'A1', '1a1.svg', '#abc875', 77, 264),
(1, 'A2', '1a2.svg', '#abc875', 376, 264),
(1, 'B1', '1b1.svg', '#596b37', 77, 481),
(1, 'B2', '1b2.svg', '#596b37', 376, 481),
(1, 'stage', '1stg.svg', '#1a2700', 77, 29);

insert into seats (zone_id, number, x_pos, y_pos) values
(1, 'A1-006', 302, 99), (1, 'A1-007', 347, 99), (1, 'A1-008', 392, 99), (1, 'A1-009', 437, 99), (1, 'A1-010', 482, 99), (1, 'A1-011', 527, 99), (1, 'A1-012', 572, 99), (1, 'A1-013', 617, 99), (1, 'A1-014', 662, 99), (1, 'A1-015', 707, 99), (1, 'A1-016', 752, 99), (1, 'A1-017', 797, 99),
(1, 'A1-022', 257, 144), (1, 'A1-023', 302, 144), (1, 'A1-024', 347, 144), (1, 'A1-025', 392, 144), (1, 'A1-026', 437, 144), (1, 'A1-027', 482, 144), (1, 'A1-028', 527, 144), (1, 'A1-029', 572, 144), (1, 'A1-030', 617, 144), (1, 'A1-031', 662, 144), (1, 'A1-032', 707, 144), (1, 'A1-033', 752, 144), (1, 'A1-034', 797, 144),
(1, 'A1-038', 212, 189), (1, 'A1-039', 257, 189), (1, 'A1-040', 302, 189), (1, 'A1-041', 347, 189), (1, 'A1-042', 392, 189), (1, 'A1-043', 437, 189), (1, 'A1-044', 482, 189), (1, 'A1-045', 527, 189), (1, 'A1-046', 572, 189), (1, 'A1-047', 617, 189), (1, 'A1-048', 662, 189), (1, 'A1-049', 707, 189), (1, 'A1-050', 752, 189), (1, 'A1-051', 797, 189),
(1, 'A1-054', 167, 234), (1, 'A1-055', 212, 234), (1, 'A1-056', 257, 234), (1, 'A1-057', 302, 234), (1, 'A1-058', 347, 234), (1, 'A1-059', 392, 234), (1, 'A1-060', 437, 234), (1, 'A1-061', 482, 234), (1, 'A1-062', 527, 234), (1, 'A1-063', 572, 234), (1, 'A1-064', 617, 234), (1, 'A1-065', 662, 234), (1, 'A1-066', 707, 234), (1, 'A1-067', 752, 234), (1, 'A1-068', 797, 234),
(1, 'A1-070', 122, 279), (1, 'A1-071', 167, 279), (1, 'A1-072', 212, 279), (1, 'A1-073', 257, 279), (1, 'A1-074', 302, 279), (1, 'A1-075', 347, 279), (1, 'A1-076', 392, 279), (1, 'A1-077', 437, 279), (1, 'A1-078', 482, 279), (1, 'A1-079', 527, 279), (1, 'A1-080', 572, 279), (1, 'A1-081', 617, 279), (1, 'A1-082', 662, 279), (1, 'A1-083', 707, 279), (1, 'A1-084', 752, 279), (1, 'A1-085', 797, 279),
(1, 'A1-086', 77, 324), (1, 'A1-087', 122, 324), (1, 'A1-088', 167, 324), (1, 'A1-089', 212, 324), (1, 'A1-090', 257, 324), (1, 'A1-091', 302, 324), (1, 'A1-092', 347, 324), (1, 'A1-093', 392, 324), (1, 'A1-094', 437, 324), (1, 'A1-095', 482, 324), (1, 'A1-096', 527, 324), (1, 'A1-097', 572, 324), (1, 'A1-098', 617, 324), (1, 'A1-099', 662, 324), (1, 'A1-100', 707, 324), (1, 'A1-101', 752, 324), (1, 'A1-102', 797, 324),
(1, 'A1-103', 77, 369), (1, 'A1-104', 122, 369), (1, 'A1-105', 167, 369), (1, 'A1-106', 212, 369), (1, 'A1-107', 257, 369), (1, 'A1-108', 302, 369), (1, 'A1-109', 347, 369), (1, 'A1-110', 392, 369), (1, 'A1-111', 437, 369), (1, 'A1-112', 482, 369), (1, 'A1-113', 527, 369), (1, 'A1-114', 572, 369), (1, 'A1-115', 617, 369), (1, 'A1-116', 662, 369), (1, 'A1-117', 707, 369), (1, 'A1-118', 752, 369), (1, 'A1-119', 797, 369),
(1, 'A1-120', 77, 414), (1, 'A1-121', 122, 414), (1, 'A1-122', 167, 414), (1, 'A1-123', 212, 414), (1, 'A1-124', 257, 414), (1, 'A1-125', 302, 414), (1, 'A1-126', 347, 414), (1, 'A1-127', 392, 414), (1, 'A1-128', 437, 414), (1, 'A1-129', 482, 414), (1, 'A1-130', 527, 414), (1, 'A1-131', 572, 414), (1, 'A1-132', 617, 414), (1, 'A1-133', 662, 414), (1, 'A1-134', 707, 414), (1, 'A1-135', 752, 414), (1, 'A1-136', 797, 414),
(1, 'A1-137', 77, 459), (1, 'A1-138', 122, 459), (1, 'A1-139', 167, 459), (1, 'A1-140', 212, 459), (1, 'A1-141', 257, 459), (1, 'A1-142', 302, 459), (1, 'A1-143', 347, 459), (1, 'A1-144', 392, 459), (1, 'A1-145', 437, 459), (1, 'A1-146', 482, 459), (1, 'A1-147', 527, 459), (1, 'A1-148', 572, 459), (1, 'A1-149', 617, 459), (1, 'A1-150', 662, 459), (1, 'A1-151', 707, 459), (1, 'A1-152', 752, 459), (1, 'A1-153', 797, 459),
(1, 'A1-154', 77, 504), (1, 'A1-155', 122, 504), (1, 'A1-156', 167, 504), (1, 'A1-157', 212, 504), (1, 'A1-158', 257, 504), (1, 'A1-159', 302, 504), (1, 'A1-160', 347, 504), (1, 'A1-161', 392, 504), (1, 'A1-162', 437, 504), (1, 'A1-163', 482, 504), (1, 'A1-164', 527, 504), (1, 'A1-165', 572, 504), (1, 'A1-166', 617, 504), (1, 'A1-167', 662, 504), (1, 'A1-168', 707, 504), (1, 'A1-169', 752, 504), (1, 'A1-170', 797, 504),
(1, 'A1-171', 77, 549), (1, 'A1-172', 122, 549), (1, 'A1-173', 167, 549), (1, 'A1-174', 212, 549), (1, 'A1-175', 257, 549), (1, 'A1-176', 302, 549), (1, 'A1-177', 347, 549), (1, 'A1-178', 392, 549), (1, 'A1-179', 437, 549), (1, 'A1-180', 482, 549), (1, 'A1-181', 527, 549), (1, 'A1-182', 572, 549), (1, 'A1-183', 617, 549), (1, 'A1-184', 662, 549), (1, 'A1-185', 707, 549), (1, 'A1-186', 752, 549), (1, 'A1-187', 797, 549),
(1, 'A1-188', 77, 594), (1, 'A1-189', 122, 594), (1, 'A1-190', 167, 594), (1, 'A1-191', 212, 594), (1, 'A1-192', 257, 594), (1, 'A1-193', 302, 594), (1, 'A1-194', 347, 594), (1, 'A1-195', 392, 594), (1, 'A1-196', 437, 594), (1, 'A1-197', 482, 594), (1, 'A1-198', 527, 594), (1, 'A1-199', 572, 594), (1, 'A1-200', 617, 594), (1, 'A1-201', 662, 594), (1, 'A1-202', 707, 594), (1, 'A1-203', 752, 594), (1, 'A1-204', 797, 594),

(2, 'A2-001', 77, 99), (2, 'A2-002', 122, 99), (2, 'A2-003', 167, 99), (2, 'A2-004', 212, 99), (2, 'A2-005', 257, 99), (2, 'A2-006', 302, 99), (2, 'A2-007', 347, 99), (2, 'A2-008', 392, 99), (2, 'A2-009', 437, 99), (2, 'A2-010', 482, 99), (2, 'A2-011', 527, 99), (2, 'A2-012', 572, 99),
(2, 'A2-018', 77, 144), (2, 'A2-019', 122, 144), (2, 'A2-020', 167, 144), (2, 'A2-021', 212, 144), (2, 'A2-022', 257, 144), (2, 'A2-023', 302, 144), (2, 'A2-024', 347, 144), (2, 'A2-025', 392, 144), (2, 'A2-026', 437, 144), (2, 'A2-027', 482, 144), (2, 'A2-028', 527, 144), (2, 'A2-029', 572, 144), (2, 'A2-030', 617, 144), 
(2, 'A2-035', 77, 189), (2, 'A2-036', 122, 189), (2, 'A2-037', 167, 189), (2, 'A2-038', 212, 189), (2, 'A2-039', 257, 189), (2, 'A2-040', 302, 189), (2, 'A2-041', 347, 189), (2, 'A2-042', 392, 189), (2, 'A2-043', 437, 189), (2, 'A2-044', 482, 189), (2, 'A2-045', 527, 189), (2, 'A2-046', 572, 189), (2, 'A2-047', 617, 189), (2, 'A2-048', 662, 189),
(2, 'A2-052', 77, 234), (2, 'A2-053', 122, 234), (2, 'A2-054', 167, 234), (2, 'A2-055', 212, 234), (2, 'A2-056', 257, 234), (2, 'A2-057', 302, 234), (2, 'A2-058', 347, 234), (2, 'A2-059', 392, 234), (2, 'A2-060', 437, 234), (2, 'A2-061', 482, 234), (2, 'A2-062', 527, 234), (2, 'A2-063', 572, 234), (2, 'A2-064', 617, 234), (2, 'A2-065', 662, 234), (2, 'A2-066', 707, 234),
(2, 'A2-069', 77, 279), (2, 'A2-070', 122, 279), (2, 'A2-071', 167, 279), (2, 'A2-072', 212, 279), (2, 'A2-073', 257, 279), (2, 'A2-074', 302, 279), (2, 'A2-075', 347, 279), (2, 'A2-076', 392, 279), (2, 'A2-077', 437, 279), (2, 'A2-078', 482, 279), (2, 'A2-079', 527, 279), (2, 'A2-080', 572, 279), (2, 'A2-081', 617, 279), (2, 'A2-082', 662, 279), (2, 'A2-083', 707, 279), (2, 'A2-084', 752, 279), 
(2, 'A2-086', 77, 324), (2, 'A2-087', 122, 324), (2, 'A2-088', 167, 324), (2, 'A2-089', 212, 324), (2, 'A2-090', 257, 324), (2, 'A2-091', 302, 324), (2, 'A2-092', 347, 324), (2, 'A2-093', 392, 324), (2, 'A2-094', 437, 324), (2, 'A2-095', 482, 324), (2, 'A2-096', 527, 324), (2, 'A2-097', 572, 324), (2, 'A2-098', 617, 324), (2, 'A2-099', 662, 324), (2, 'A2-100', 707, 324), (2, 'A2-101', 752, 324), (2, 'A2-102', 797, 324),
(2, 'A2-103', 77, 369), (2, 'A2-104', 122, 369), (2, 'A2-105', 167, 369), (2, 'A2-106', 212, 369), (2, 'A2-107', 257, 369), (2, 'A2-108', 302, 369), (2, 'A2-109', 347, 369), (2, 'A2-110', 392, 369), (2, 'A2-111', 437, 369), (2, 'A2-112', 482, 369), (2, 'A2-113', 527, 369), (2, 'A2-114', 572, 369), (2, 'A2-115', 617, 369), (2, 'A2-116', 662, 369), (2, 'A2-117', 707, 369), (2, 'A2-118', 752, 369), (2, 'A2-119', 797, 369),
(2, 'A2-120', 77, 414), (2, 'A2-121', 122, 414), (2, 'A2-122', 167, 414), (2, 'A2-123', 212, 414), (2, 'A2-124', 257, 414), (2, 'A2-125', 302, 414), (2, 'A2-126', 347, 414), (2, 'A2-127', 392, 414), (2, 'A2-128', 437, 414), (2, 'A2-129', 482, 414), (2, 'A2-130', 527, 414), (2, 'A2-131', 572, 414), (2, 'A2-132', 617, 414), (2, 'A2-133', 662, 414), (2, 'A2-134', 707, 414), (2, 'A2-135', 752, 414), (2, 'A2-136', 797, 414),
(2, 'A2-137', 77, 459), (2, 'A2-138', 122, 459), (2, 'A2-139', 167, 459), (2, 'A2-140', 212, 459), (2, 'A2-141', 257, 459), (2, 'A2-142', 302, 459), (2, 'A2-143', 347, 459), (2, 'A2-144', 392, 459), (2, 'A2-145', 437, 459), (2, 'A2-146', 482, 459), (2, 'A2-147', 527, 459), (2, 'A2-148', 572, 459), (2, 'A2-149', 617, 459), (2, 'A2-150', 662, 459), (2, 'A2-151', 707, 459), (2, 'A2-152', 752, 459), (2, 'A2-153', 797, 459),
(2, 'A2-154', 77, 504), (2, 'A2-155', 122, 504), (2, 'A2-156', 167, 504), (2, 'A2-157', 212, 504), (2, 'A2-158', 257, 504), (2, 'A2-159', 302, 504), (2, 'A2-160', 347, 504), (2, 'A2-161', 392, 504), (2, 'A2-162', 437, 504), (2, 'A2-163', 482, 504), (2, 'A2-164', 527, 504), (2, 'A2-165', 572, 504), (2, 'A2-166', 617, 504), (2, 'A2-167', 662, 504), (2, 'A2-168', 707, 504), (2, 'A2-169', 752, 504), (2, 'A2-170', 797, 504),
(2, 'A2-171', 77, 549), (2, 'A2-172', 122, 549), (2, 'A2-173', 167, 549), (2, 'A2-174', 212, 549), (2, 'A2-175', 257, 549), (2, 'A2-176', 302, 549), (2, 'A2-177', 347, 549), (2, 'A2-178', 392, 549), (2, 'A2-179', 437, 549), (2, 'A2-180', 482, 549), (2, 'A2-181', 527, 549), (2, 'A2-182', 572, 549), (2, 'A2-183', 617, 549), (2, 'A2-184', 662, 549), (2, 'A2-185', 707, 549), (2, 'A2-186', 752, 549), (2, 'A2-187', 797, 549),
(2, 'A2-188', 77, 594), (2, 'A2-189', 122, 594), (2, 'A2-190', 167, 594), (2, 'A2-191', 212, 594), (2, 'A2-192', 257, 594), (2, 'A2-193', 302, 594), (2, 'A2-194', 347, 594), (2, 'A2-195', 392, 594), (2, 'A2-196', 437, 594), (2, 'A2-197', 482, 594), (2, 'A2-198', 527, 594), (2, 'A2-199', 572, 594), (2, 'A2-200', 617, 594), (2, 'A2-201', 662, 594), (2, 'A2-202', 707, 594), (2, 'A2-203', 752, 594), (2, 'A2-204', 797, 594),

(3, 'B1-001', 77, 99), (3, 'B1-002', 122, 99), (3, 'B1-003', 167, 99), (3, 'B1-004', 212, 99), (3, 'B1-005', 257, 99), (3, 'B1-006', 302, 99), (3, 'B1-007', 347, 99), (3, 'B1-008', 392, 99), (3, 'B1-009', 437, 99), (3, 'B1-010', 482, 99), (3, 'B1-011', 527, 99), (3, 'B1-012', 572, 99), (3, 'B1-013', 617, 99), (3, 'B1-014', 662, 99), (3, 'B1-015', 707, 99), (3, 'B1-016', 752, 99), (3, 'B1-017', 797, 99),
(3, 'B1-018', 77, 144), (3, 'B1-019', 122, 144), (3, 'B1-020', 167, 144), (3, 'B1-021', 212, 144), (3, 'B1-022', 257, 144), (3, 'B1-023', 302, 144), (3, 'B1-024', 347, 144), (3, 'B1-025', 392, 144), (3, 'B1-026', 437, 144), (3, 'B1-027', 482, 144), (3, 'B1-028', 527, 144), (3, 'B1-029', 572, 144), (3, 'B1-030', 617, 144), (3, 'B1-031', 662, 144), (3, 'B1-032', 707, 144), (3, 'B1-033', 752, 144), (3, 'B1-034', 797, 144),
(3, 'B1-035', 77, 189), (3, 'B1-036', 122, 189), (3, 'B1-037', 167, 189), (3, 'B1-038', 212, 189), (3, 'B1-039', 257, 189), (3, 'B1-040', 302, 189), (3, 'B1-041', 347, 189), (3, 'B1-042', 392, 189), (3, 'B1-043', 437, 189), (3, 'B1-044', 482, 189), (3, 'B1-045', 527, 189), (3, 'B1-046', 572, 189), (3, 'B1-047', 617, 189), (3, 'B1-048', 662, 189), (3, 'B1-049', 707, 189), (3, 'B1-050', 752, 189), (3, 'B1-051', 797, 189),
(3, 'B1-052', 77, 234), (3, 'B1-053', 122, 234), (3, 'B1-054', 167, 234), (3, 'B1-055', 212, 234), (3, 'B1-056', 257, 234), (3, 'B1-057', 302, 234), (3, 'B1-058', 347, 234), (3, 'B1-059', 392, 234), (3, 'B1-060', 437, 234), (3, 'B1-061', 482, 234), (3, 'B1-062', 527, 234), (3, 'B1-063', 572, 234), (3, 'B1-064', 617, 234), (3, 'B1-065', 662, 234), (3, 'B1-066', 707, 234), (3, 'B1-067', 752, 234), (3, 'B1-068', 797, 234),
(3, 'B1-069', 77, 279), (3, 'B1-070', 122, 279), (3, 'B1-071', 167, 279), (3, 'B1-072', 212, 279), (3, 'B1-073', 257, 279), (3, 'B1-074', 302, 279), (3, 'B1-075', 347, 279), (3, 'B1-076', 392, 279), (3, 'B1-077', 437, 279), (3, 'B1-078', 482, 279), (3, 'B1-079', 527, 279), (3, 'B1-080', 572, 279), (3, 'B1-081', 617, 279), (3, 'B1-082', 662, 279), (3, 'B1-083', 707, 279), (3, 'B1-084', 752, 279), (3, 'B1-085', 797, 279),
(3, 'B1-086', 77, 324), (3, 'B1-087', 122, 324), (3, 'B1-088', 167, 324), (3, 'B1-089', 212, 324), (3, 'B1-090', 257, 324), (3, 'B1-091', 302, 324), (3, 'B1-092', 347, 324), (3, 'B1-093', 392, 324), (3, 'B1-094', 437, 324), (3, 'B1-095', 482, 324), (3, 'B1-096', 527, 324), (3, 'B1-097', 572, 324), (3, 'B1-098', 617, 324), (3, 'B1-099', 662, 324), (3, 'B1-100', 707, 324), (3, 'B1-101', 752, 324), (3, 'B1-102', 797, 324),
(3, 'B1-103', 77, 369), (3, 'B1-104', 122, 369), (3, 'B1-105', 167, 369), (3, 'B1-106', 212, 369), (3, 'B1-107', 257, 369), (3, 'B1-108', 302, 369), (3, 'B1-109', 347, 369), (3, 'B1-110', 392, 369), (3, 'B1-111', 437, 369), (3, 'B1-112', 482, 369), (3, 'B1-113', 527, 369), (3, 'B1-114', 572, 369), (3, 'B1-115', 617, 369), (3, 'B1-116', 662, 369), (3, 'B1-117', 707, 369), (3, 'B1-118', 752, 369), (3, 'B1-119', 797, 369),
(3, 'B1-120', 77, 414), (3, 'B1-121', 122, 414), (3, 'B1-122', 167, 414), (3, 'B1-123', 212, 414), (3, 'B1-124', 257, 414), (3, 'B1-125', 302, 414), (3, 'B1-126', 347, 414), (3, 'B1-127', 392, 414), (3, 'B1-128', 437, 414), (3, 'B1-129', 482, 414), (3, 'B1-130', 527, 414), (3, 'B1-131', 572, 414), (3, 'B1-132', 617, 414), (3, 'B1-133', 662, 414), (3, 'B1-134', 707, 414), (3, 'B1-135', 752, 414), (3, 'B1-136', 797, 414),
(3, 'B1-137', 77, 459), (3, 'B1-138', 122, 459), (3, 'B1-139', 167, 459), (3, 'B1-140', 212, 459), (3, 'B1-141', 257, 459), (3, 'B1-142', 302, 459), (3, 'B1-143', 347, 459), (3, 'B1-144', 392, 459), (3, 'B1-145', 437, 459), (3, 'B1-146', 482, 459), (3, 'B1-147', 527, 459), 
(3, 'B1-155', 122, 504), (3, 'B1-156', 167, 504), (3, 'B1-157', 212, 504), (3, 'B1-158', 257, 504), (3, 'B1-159', 302, 504), (3, 'B1-160', 347, 504), (3, 'B1-161', 392, 504), (3, 'B1-162', 437, 504), (3, 'B1-163', 482, 504), (3, 'B1-164', 527, 504), 
(3, 'B1-173', 167, 549), (3, 'B1-174', 212, 549), (3, 'B1-175', 257, 549), (3, 'B1-176', 302, 549), (3, 'B1-177', 347, 549), (3, 'B1-178', 392, 549), (3, 'B1-179', 437, 549), (3, 'B1-180', 482, 549), (3, 'B1-181', 527, 549),  
(3, 'B1-191', 212, 594), (3, 'B1-192', 257, 594), (3, 'B1-193', 302, 594), (3, 'B1-194', 347, 594), (3, 'B1-195', 392, 594), (3, 'B1-196', 437, 594), (3, 'B1-197', 482, 594), (3, 'B1-198', 527, 594), 

(4, 'B2-001', 77, 99), (4, 'B2-002', 122, 99), (4, 'B2-003', 167, 99), (4, 'B2-004', 212, 99), (4, 'B2-005', 257, 99), (4, 'B2-006', 302, 99), (4, 'B2-007', 347, 99), (4, 'B2-008', 392, 99), (4, 'B2-009', 437, 99), (4, 'B2-010', 482, 99), (4, 'B2-011', 527, 99), (4, 'B2-012', 572, 99), (4, 'B2-013', 617, 99), (4, 'B2-014', 662, 99), (4, 'B2-015', 707, 99), (4, 'B2-016', 752, 99), (4, 'B2-017', 797, 99),
(4, 'B2-018', 77, 144), (4, 'B2-019', 122, 144), (4, 'B2-020', 167, 144), (4, 'B2-021', 212, 144), (4, 'B2-022', 257, 144), (4, 'B2-023', 302, 144), (4, 'B2-024', 347, 144), (4, 'B2-025', 392, 144), (4, 'B2-026', 437, 144), (4, 'B2-027', 482, 144), (4, 'B2-028', 527, 144), (4, 'B2-029', 572, 144), (4, 'B2-030', 617, 144), (4, 'B2-031', 662, 144), (4, 'B2-032', 707, 144), (4, 'B2-033', 752, 144), (4, 'B2-034', 797, 144),
(4, 'B2-035', 77, 189), (4, 'B2-036', 122, 189), (4, 'B2-037', 167, 189), (4, 'B2-038', 212, 189), (4, 'B2-039', 257, 189), (4, 'B2-040', 302, 189), (4, 'B2-041', 347, 189), (4, 'B2-042', 392, 189), (4, 'B2-043', 437, 189), (4, 'B2-044', 482, 189), (4, 'B2-045', 527, 189), (4, 'B2-046', 572, 189), (4, 'B2-047', 617, 189), (4, 'B2-048', 662, 189), (4, 'B2-049', 707, 189), (4, 'B2-050', 752, 189), (4, 'B2-051', 797, 189),
(4, 'B2-052', 77, 234), (4, 'B2-053', 122, 234), (4, 'B2-054', 167, 234), (4, 'B2-055', 212, 234), (4, 'B2-056', 257, 234), (4, 'B2-057', 302, 234), (4, 'B2-058', 347, 234), (4, 'B2-059', 392, 234), (4, 'B2-060', 437, 234), (4, 'B2-061', 482, 234), (4, 'B2-062', 527, 234), (4, 'B2-063', 572, 234), (4, 'B2-064', 617, 234), (4, 'B2-065', 662, 234), (4, 'B2-066', 707, 234), (4, 'B2-067', 752, 234), (4, 'B2-068', 797, 234),
(4, 'B2-069', 77, 279), (4, 'B2-070', 122, 279), (4, 'B2-071', 167, 279), (4, 'B2-072', 212, 279), (4, 'B2-073', 257, 279), (4, 'B2-074', 302, 279), (4, 'B2-075', 347, 279), (4, 'B2-076', 392, 279), (4, 'B2-077', 437, 279), (4, 'B2-078', 482, 279), (4, 'B2-079', 527, 279), (4, 'B2-080', 572, 279), (4, 'B2-081', 617, 279), (4, 'B2-082', 662, 279), (4, 'B2-083', 707, 279), (4, 'B2-084', 752, 279), (4, 'B2-085', 797, 279),
(4, 'B2-086', 77, 324), (4, 'B2-087', 122, 324), (4, 'B2-088', 167, 324), (4, 'B2-089', 212, 324), (4, 'B2-090', 257, 324), (4, 'B2-091', 302, 324), (4, 'B2-092', 347, 324), (4, 'B2-093', 392, 324), (4, 'B2-094', 437, 324), (4, 'B2-095', 482, 324), (4, 'B2-096', 527, 324), (4, 'B2-097', 572, 324), (4, 'B2-098', 617, 324), (4, 'B2-099', 662, 324), (4, 'B2-100', 707, 324), (4, 'B2-101', 752, 324), (4, 'B2-102', 797, 324),
(4, 'B2-103', 77, 369), (4, 'B2-104', 122, 369), (4, 'B2-105', 167, 369), (4, 'B2-106', 212, 369), (4, 'B2-107', 257, 369), (4, 'B2-108', 302, 369), (4, 'B2-109', 347, 369), (4, 'B2-110', 392, 369), (4, 'B2-111', 437, 369), (4, 'B2-112', 482, 369), (4, 'B2-113', 527, 369), (4, 'B2-114', 572, 369), (4, 'B2-115', 617, 369), (4, 'B2-116', 662, 369), (4, 'B2-117', 707, 369), (4, 'B2-118', 752, 369), (4, 'B2-119', 797, 369),
(4, 'B2-120', 77, 414), (4, 'B2-121', 122, 414), (4, 'B2-122', 167, 414), (4, 'B2-123', 212, 414), (4, 'B2-124', 257, 414), (4, 'B2-125', 302, 414), (4, 'B2-126', 347, 414), (4, 'B2-127', 392, 414), (4, 'B2-128', 437, 414), (4, 'B2-129', 482, 414), (4, 'B2-130', 527, 414), (4, 'B2-131', 572, 414), (4, 'B2-132', 617, 414), (4, 'B2-133', 662, 414), (4, 'B2-134', 707, 414), (4, 'B2-135', 752, 414), (4, 'B2-136', 797, 414),
(4, 'B2-143', 347, 459), (4, 'B2-144', 392, 459), (4, 'B2-145', 437, 459), (4, 'B2-146', 482, 459), (4, 'B2-147', 527, 459), (4, 'B2-148', 572, 459), (4, 'B2-149', 617, 459), (4, 'B2-150', 662, 459), (4, 'B2-151', 707, 459), (4, 'B2-152', 752, 459), (4, 'B2-153', 797, 459),
(4, 'B2-160', 347, 504), (4, 'B2-161', 392, 504), (4, 'B2-162', 437, 504), (4, 'B2-163', 482, 504), (4, 'B2-164', 527, 504), (4, 'B2-165', 572, 504), (4, 'B2-166', 617, 504), (4, 'B2-167', 662, 504), (4, 'B2-168', 707, 504), (4, 'B2-169', 752, 504), 
(4, 'B2-177', 347, 549), (4, 'B2-178', 392, 549), (4, 'B2-179', 437, 549), (4, 'B2-180', 482, 549), (4, 'B2-181', 527, 549), (4, 'B2-182', 572, 549), (4, 'B2-183', 617, 549), (4, 'B2-184', 662, 549), (4, 'B2-185', 707, 549), 
(4, 'B2-194', 347, 594), (4, 'B2-195', 392, 594), (4, 'B2-196', 437, 594), (4, 'B2-197', 482, 594), (4, 'B2-198', 527, 594), (4, 'B2-199', 572, 594), (4, 'B2-200', 617, 594), (4, 'B2-201', 662, 594);

insert into event_zones (event_id, zone_id, price) values 
(1, 1, 2000.00),
(1, 2, 2000.00),
(1, 3, 1200.00),
(1, 4, 1200.00);

insert into showtimes (showtime_id, event_id, venue_id, show_at) values
(1, 1, 1, '2026-12-01 19:00'), (2, 2, 1, '2026-12-02 19:00'),
(7, 1, 1, '2026-12-02 23:00'), (8, 1, 1, '2026-12-02 10:00'),
(3, 3, 1, '2026-07-01 19:00'), (4, 4, 1, '2026-07-02 19:00'),
(5, 5, 1, '2026-07-03 19:00'), (6, 6, 1, '2026-07-04 19:00');

insert into bookings (booking_id, user_id, booked_at, total_price) values 
(1, 1, now(), 1000.00);

insert into payments (booking_id, payment_method) values (1, 'credit_card');

insert into tickets (booking_id, showtime_id, seat_id, price) values 
(1, 5, 1, 250.00), (1, 5, 2, 250.00);

insert into tickets (booking_id, showtime_id, seat_id, price) values 
(1, 6, 1, 250.00), (1, 6, 2, 250.00);